ashok@email.arc.nasa.gov	Ashok	N	Srivastava	NASA	ashok@email.arc.nasa.gov	4	null	null	12-Apr-2006 02:55:56 GMT
rmartin@email.arc.nasa.gov	Rodney	A	Martin	null	rmartin@email.arc.nasa.gov	5	null	null	12-Apr-2006 03:13:02 GMT
pcastle@email.arc.nasa.gov	Joseph	P	Castle	NASA Ames	pcastle@email.arc.nasa.gov	6	null	null	13-Apr-2006 21:22:54 GMT
rwatson@email.arc.nasa.gov	Richard	B	Watson	NASA Ames	rwatson@email.arc.nasa.gov	7	null	null	14-Apr-2006 22:38:23 GMT
mbroxton@email.arc.nasa.gov	Michael	J	Broxton	Intelligent Robotics Group, Code TI	mbroxton@email.arc.nasa.gov	8	null	null	24-Apr-2006 18:27:47 GMT
oza@email.arc.nasa.gov	Nikunj	C	Oza	NASA Ames Research Center	oza@email.arc.nasa.gov	9	null	null	10-May-2006 04:15:32 GMT
wfszewczyk@gmail.com	null	null	null	null	wfszewczyk@gmail.com	10	null	null	25-May-2006 20:34:57 GMT
Brian.Wilson@jpl.nasa.gov	Brian	D	Wilson	NASA/JPL, atmospheric science	Brian.Wilson@jpl.nasa.gov	11	null	null	25-May-2006 20:40:57 GMT
gvrocha@stat.berkeley.edu	Guilherme	V	Rocha	UC Berkeley, Department of Statistics	gvrocha@stat.berkeley.edu	12	null	null	25-May-2006 00:55:56 GMT
dcarbon@nas.nasa.gov	Duane	F	Carbon	NASA Ames Research Center	dcarbon@nas.nasa.gov	13	null	null	26-May-2006 16:07:18 GMT
bcellis@stanford.edu	Byron	null	Ellis	Stanford University	bcellis@stanford.edu	14	null	null	26-May-2006 23:13:26 GMT
gjcha2@conncoll.edu	Gabriel	J	Chandler	Connecticut College	gjcha2@conncoll.edu	15	null	null	28-May-2006 00:10:14 GMT
xy@email.com	null	null	null	null	xy@email.com	16	null	null	30-May-2006 13:44:37 GMT
lukas.mandrake@jpl.nasa.gov	Lukas	null	Mandrake	JPL / Caltech	lukas.mandrake@jpl.nasa.gov	17	null	null	31-May-2006 19:02:59 GMT
turmon@jpl.nasa.gov	Mike	null	Turmon	JPL	turmon@jpl.nasa.gov	18	null	null	31-May-2006 19:07:27 GMT
jfz@alumni.caltech.edu	null	null	null	null	jfz@alumni.caltech.edu	19	null	null	31-May-2006 20:13:54 GMT
Sharon.Kedar@jpl.nasa.gov	Sharon	null	Kedar	Caltech / JPL	Sharon.Kedar@jpl.nasa.gov	21	null	null	31-May-2006 21:01:59 GMT
Tony.Mannucci@jpl.nasa.gov	Anthony	J	Mannucci	JPL/Caltech	Tony.Mannucci@jpl.nasa.gov	22	null	null	31-May-2006 21:35:45 GMT
Amy.Braverman@jpl.nasa.gov	Amy	null	Braverman	JPL	Amy.Braverman@jpl.nasa.gov	23	null	null	31-May-2006 22:10:03 GMT
pymonger@gmail.com	gerald	m	manipon	jpl	pymonger@gmail.com	24	null	null	01-Jun-2006 08:31:53 GMT
Michael.J.Garay@jpl.nasa.gov	Michael	J	Garay	Jet Propulsion Laboratory, California Institute of Technology	Michael.J.Garay@jpl.nasa.gov	25	null	null	01-Jun-2006 17:29:29 GMT
george.hajj@jpl.nasa.gov	george	a	hajj	jet propulsion lab	george.hajj@jpl.nasa.gov	26	null	null	03-Jun-2006 07:28:11 GMT
lederer@astro.univie.ac.at	Michael	T.	Lederer	Department of Astronomy, University of Vienna	lederer@astro.univie.ac.at	27	null	null	06-Jun-2006 13:40:15 GMT
ru@komitass.jpl.nasa.gov	null	null	null	null	ru@komitass.jpl.nasa.gov	28	null	null	07-Jun-2006 00:53:28 GMT
mark.a.schwabacher@nasa.gov	Mark	A	Schwabacher	NASA ARC, Code TI	mark.a.schwabacher@nasa.gov	29	null	null	08-Jun-2006 17:16:05 GMT
flmk@yahoo.com	ka	null	wong	ucla stat	flmk@yahoo.com	30	null	null	08-Jun-2006 21:23:46 GMT
dfab@astro.princeton.edu	Daniel	C	Fabrycky	Princeton University	dfab@astro.princeton.edu	31	null	null	17-Jun-2006 23:15:42 GMT
tom.ferryman@pnl.gov	Thomas 	A	Ferryman	Battelle Pacific Northwest National Lab	tom.ferryman@pnl.gov	32	null	null	21-Jun-2006 19:23:37 GMT
fosterd@usa-spaceops.com	Delmar	C	Foster	Space Shuttle Program United Space Alliance	fosterd@usa-spaceops.com	33	null	null	28-Jun-2006 20:46:44 GMT
lee@rhoba.com	Lee	null	Rhodes	HP, NYU	lee@rhoba.com	34	null	null	12-Jul-2006 17:01:31 GMT
schumann@email.arc.nasa.gov	Johann	null	Schumann	RIACS/NASA Ames	schumann@email.arc.nasa.gov	35	null	null	16-Jul-2006 03:31:05 GMT
dtalcott@nas.nasa.gov	Dale	R	Talcott	NAS	dtalcott@nas.nasa.gov	36	null	null	04-Aug-2006 23:08:34 GMT
mnemec@mail.arc.nasa.gov	null	null	null	null	mnemec@mail.arc.nasa.gov	37	null	null	07-Aug-2006 22:08:25 GMT
maftosmis@mail.arc.nasa.gov	Michael	null	Aftosmis	NASA	maftosmis@mail.arc.nasa.gov	38	null	null	08-Aug-2006 14:16:19 GMT
smurman@mail.arc.nasa.gov	Scott	null	Murman	ELORET Corp., NASA Ames	smurman@mail.arc.nasa.gov	39	null	null	08-Aug-2006 19:51:00 GMT
tpulliam@mail.arc.nasa.gov	Tom	H	Pulliam	NASA Ames	tpulliam@mail.arc.nasa.gov	40	null	null	14-Aug-2006 18:19:53 GMT
